"x","y","z","cluster"
7.32242677321366,-9.09149074018972,4.43442294606939,1
4.46837637855079,-3.42393103543249,5.78998558223248,1
4.93189569794991,5.08503986134019,9.9253501277417,1
5.77926357659142,3.67698396345617,5.45326164923608,1
1.7982828353989,7.40023809129297,6.36828721500933,1
-4.17156352929934,-9.734542522213,0.376832676120102,1
5.65372930310097,-1.88853034509054,7.42615067632869,1
12.5516797868587,2.16660216023932,8.37025922490284,1
12.4662259053346,-0.870989825438844,5.67296892171726,1
6.34045809909205,0.478228689895988,5.27405899716541,1
11.2705497478108,-4.6126020272375,5.57051099138334,1
12.5863875364685,0.295711847920851,9.77761608315632,1
5.40599568872052,-2.31093610245769,0.915124639868736,1
-5.02322081262776,-9.21656455485279,0.883595920167863,1
-8.84672502270669,-4.41631089182729,7.93063298100606,1
4.03618155242521,6.04057012354262,9.45390864973888,1
4.48257621352903,-10.4814006653947,7.9158484376967,1
-3.83892012663048,-9.90823925238751,5.0791631732136,1
-0.53063417224865,-10.9342144423251,7.48185650678352,1
4.90006031442568,-2.98257760490782,3.86434066109359,1
5.89218529328618,-9.91292041988494,2.27141232229769,1
-1.2213443308287,7.9134163225422,1.0340570518747,1
-6.9822553521126,5.31372140608003,5.09836058365181,1
6.34523576564079,1.43669475948952,6.43030393868685,1
11.8562337405908,5.29946193382082,0.84566077683121,1
6.33804419131258,1.52945081102126,8.39418509742245,1
3.15071416614078,6.71245831650491,0.470427609980106,1
3.94267558817242,-3.8488361664938,9.7789626987651,1
-9.22693700582651,1.16063572768339,5.41700895875692,1
11.5298636245849,-4.06975872462346,3.94264398841187,1
-1.00064331150591,-10.8576615679858,8.21172980591655,1
1.2074062908375,-11.0386842908152,4.79634205112234,1
11.0893113792568,-4.95536816995082,9.21202641911805,1
2.80702163541062,-10.8919088855499,8.66358242696151,1
11.6221938615452,-3.85817113610973,9.83197284163907,1
10.1658888957936,-6.38637733914387,8.69808184914291,1
3.42698731059508,6.52520637234329,7.8836400504224,1
4.89142645935837,-2.992411154519,4.48969298508018,1
3.74996625678239,-10.6944229489945,2.83904409268871,1
-8.69140393635659,-4.80149418410821,6.06818705331534,1
-7.45488078403342,4.77827941904472,2.07869824022055,1
-9.39918660861766,0.217028833187566,5.9623184450902,1
3.37495323916447,6.56189218505428,8.32917616702616,1
1.52450508574019,7.50007709577186,5.91989481588826,1
-9.09362306911088,1.66114059616954,4.1475091711618,1
-2.63777765181724,-10.4188910364501,7.31896625133231,1
6.66167576716084,-9.50483389535762,3.3722774987109,1
1.9036365055413,-11.0034282891445,4.55801902338862,1
-7.91160920682334,4.16365506193254,0.300477300770581,1
5.74771696145405,3.74626564066688,4.00601614732295,1
6.23292602673826,-9.7413872028569,2.12329659610987,1
7.3775947143487,-9.05411619590747,6.2553603737615,1
4.4786998152876,5.61252356115717,4.61795281851664,1
5.84262149126663,3.53118561671009,4.70744817052037,1
6.33854981687171,1.52345496772227,5.72994649410248,1
9.26970086339515,-7.44559621715811,8.21090816054493,1
2.25551869369379,-4.64578608995349,0.975938457995653,1
-0.0887320224481329,7.86476284872569,8.35548122413456,1
-6.16679731661507,-8.32198948636,1.27205241238698,1
11.1127039412637,-4.91258613543031,7.43408207781613,1
-9.28009558376992,0.921834268964555,3.41313939308748,1
-1.08530111443145,-10.8416148772535,3.95568452076986,1
-7.90483626370034,-6.28062938351177,7.51233416842297,1
12.0930320107805,-2.5485588387861,5.67379790591076,1
-9.22719582250993,-3.16629664568006,0.623884638771415,1
-8.80745044086585,2.48094349024457,6.09649248886853,1
12.5965369737877,0.510546163232714,6.8181524402462,1
4.93072562995757,5.08654566607545,4.00023138150573,1
6.16701988191051,2.55753148091865,4.03403022093698,1
12.4093124656271,-1.21567816929439,9.54455143539235,1
-6.17212448668907,-8.31718043667037,3.78153135767207,1
-8.66929774689455,-4.85275264499991,8.83000728674233,1
-8.54213248073716,3.07611320628234,9.15947932051495,1
5.99833226051766,-1.11009472426981,7.38819879945368,1
0.900617595855035,7.68472364048085,8.48829260328785,1
-8.39074758252013,3.37137922318784,5.86894948268309,1
5.0609523198836,-2.79049995058009,0.653971654828638,1
-9.31952815608965,0.722038336166386,2.53041089978069,1
6.27144702981294,2.0566971449347,0.299432340543717,1
5.01012513604958,-2.85305692922548,7.35680076526478,1
-9.37437805752629,0.394801377410193,6.36157297063619,1
1.65130671235006,7.45531949400434,7.12699555326253,1
5.55496362745469,4.13097443719168,3.64554062020034,1
-5.37859096272097,-8.9656210863276,4.62818520609289,1
2.01052242107256,-4.70465469453046,6.75558541435748,1
-9.14559891922987,-3.49172613151667,7.00062530115247,1
-7.30212138486669,4.96112043798638,6.3133769785054,1
4.33933274005536,-10.5272866289402,0.658079129643738,1
-9.01800694089606,-3.92547506944005,1.94146810797974,1
6.22817178518149,-0.29837369654899,7.69474117318168,1
2.40737870498169,7.1332167484839,4.80061082635075,1
12.5649993739218,2.01301956958571,7.27451310027391,1
-8.43920752074557,-5.34478853820201,2.22815443994477,1
-7.21321622858337,-7.22754993526106,4.8632810707204,1
-4.71366382217784,-9.41776511619405,2.26537655107677,1
5.32725777285465,-2.42987743106327,9.10663891583681,1
6.19979309977838,-0.426740373579956,6.78154403343797,1
-3.39227911999892,-10.1186027525168,9.96951962122694,1
-5.84149795998642,6.31252593389663,5.04965545842424,1
10.1558942739971,-6.39967006386055,3.36751448689029,1
4.58105955479433,5.50227857917842,9.09896087367088,1
4.42086863013734,5.67279044027391,0.261849428061396,1
-3.34244176743162,-10.1405215143526,6.93824391346425,1
5.62744053369821,-1.93742565951616,1.55185983516276,1
-4.26021532019667,-9.6856731260855,6.19241077685729,1
1.65601524594626,-4.76728356586162,9.31629120139405,1
-6.8956198248272,-7.59508920647395,1.52241838397458,1
2.7974621982352,-4.46829152258462,2.79631080105901,1
5.48340715807272,-2.18743492122792,8.32725900225341,1
11.5473156994773,-4.03059121604976,3.04985670605674,1
-5.18123092752966,6.74927933627377,7.06631117500365,1
3.61954472381653,-4.06151156083857,1.12015908816829,1
6.35879427369607,0.820565728548547,4.47520657675341,1
-3.89004789099905,-9.8825135277475,7.64114042976871,1
0.783236110604679,-11.0386575481328,4.99691186938435,1
4.93529055836112,-2.94197075413913,3.72148427413777,1
-7.75407868304135,-6.50764147444203,2.97847054200247,1
-0.572460753765955,-10.9282550865078,1.32294680690393,1
6.33870956350078,1.52154663052729,8.23950041551143,1
10.8700281568116,-5.33781082714077,3.86151941260323,1
0.66152265282916,7.74051015201216,1.0495720198378,1
12.1405059169055,-2.38439849432198,9.6602903236635,1
3.36387272703183,-4.20741209900463,4.18904905207455,1
12.1944062387388,4.20254345002911,1.59767857054248,1
8.47014920404505,-8.21064276932458,5.14128390466794,2
-8.98886212321617,-4.01520712742032,1.01381597109139,2
6.3084929088024,1.80673250825397,3.40771855786443,2
8.52641339310352,-8.16133833213911,1.92187501350418,2
2.54664060641154,-4.55874440917656,1.84166169725358,2
-8.20440484637118,-5.7851532814213,3.182992732618,2
-4.41792482255447,7.15291159343266,4.8110485705547,2
-6.94817603627425,5.3490909821289,6.16154982708395,2
0.835277202683482,7.70076988782975,9.1627848916687,2
3.36998586495183,-4.2041392571097,2.92196516413242,2
-8.50050759357725,3.16001285396294,8.9804089977406,2
5.21314830900437,-2.59167092982251,4.47364330524579,2
9.21509729539614,-7.50259480307779,2.48332520248368,2
-5.17632373259427,-9.11116954879493,2.93222681386396,2
-8.0895424459746,-5.98286113741735,6.58637570450082,2
-8.1304383157079,-5.91365474925752,4.08738317666575,2
-8.76361646835317,2.5876508089274,8.86588373687118,2
-3.94333758351718,-9.85532933115916,3.95603746408597,2
4.35579105480627,-3.52419101261494,6.08086222782731,2
2.42334849524191,-4.59791406489558,4.5034686755389,2
-8.76551979660942,-4.62351090990125,3.56788778910413,2
-5.91657825172947,-8.54051403790362,2.52962471684441,2
6.30778702711955,1.81221144417173,0.948617034591734,2
-7.15141586399529,5.13206186061128,0.282029656227678,2
3.09920500311769,-4.33949883292226,7.8134944406338,2
5.56896494148408,-2.04238983663257,3.71565849054605,2
-8.67485772701406,-4.83993520151758,7.30714931152761,2
-9.14836170389633,-3.48143871245405,9.37500306172296,2
-9.33683987567396,-2.62513217816953,6.98954280233011,2
-7.83462966357433,-6.38800924310082,9.10986589966342,2
-1.86216886048889,7.8690167855779,0.980681462679058,2
5.71853073327395,3.80859137449749,3.83744781836867,2
12.3497170260447,-1.52495134749828,7.38380235154182,2
1.22840364504428,7.59493067966817,6.72239204635844,2
6.01164052867284,3.08596727694937,1.51755780447274,2
-2.69629542467042,7.73288813480883,5.53726729936898,2
6.15271485926995,2.61382679816085,7.15487979818135,2
3.9423968495813,-3.84903426570492,2.3244250449352,2
2.00443271794703,-4.70595404217826,7.779579248745,2
10.9867317701647,-5.13830416854101,2.26770702283829,2
12.6050193464136,1.14854303114645,0.837745282333344,2
6.31227142892865,1.77675305516091,7.02806335873902,2
6.06563185947857,-0.912442565933631,7.05134917749092,2
1.85136496060042,-4.73603507002386,2.69193377578631,2
-6.54950810873561,5.73507369041679,9.55917394254357,2
5.61740940985119,-10.0411339674669,1.03288810234517,2
-8.49375810434577,3.17341381616013,7.3847351456061,2
6.01714554803706,3.06968601980292,3.56527793686837,2
-4.87333419676958,6.9242388365525,2.80630795052275,2
12.427547122416,-1.11159495567545,8.5049093561247,2
-7.02316286305697,-7.4517224223881,5.39665560703725,2
-4.89287670320525,6.91363767431814,8.13618842046708,2
5.12470268081173,4.82461782698597,3.17546298727393,2
1.45832245139153,7.52244041613826,5.90031822677702,2
6.27070892237263,2.06107939479679,5.37009481806308,2
5.6518076008746,-10.0255654114974,7.01724240090698,2
4.77848479881554,-10.3799142783946,6.00638245698065,2
3.63385424789192,-10.7233226882244,5.75813544914126,2
12.1881191268157,4.22661530952459,3.530293693766,2
-9.40889569968522,0.139688850095874,5.12799132382497,2
5.35512293236807,4.47601110092576,1.67502089170739,2
11.3836328263495,-4.384305344935,0.169706149026752,2
6.24686288614943,-0.205803746305893,3.06702734204009,2
2.34067208116933,-4.62227402401716,3.78126065479591,2
6.86589381206024,-9.38362970872393,3.28321370761842,2
-6.17585427139219,-8.31380940211403,3.33075240254402,2
-8.35079938840852,3.44505339886742,7.32410583179444,2
5.19104889479808,4.7288262680234,7.33069363282993,2
6.17550817465931,-0.527409820148835,5.88447791989893,2
12.0801209106555,4.61374747155851,1.70933443354443,2
4.35208289515959,5.74266914082898,5.14052125858143,2
12.4490324365945,-0.981676418097461,6.73505995888263,2
5.16255715414126,4.7703833377401,8.14804380992427,2
5.0868031339961,4.8778403966966,2.96465145191178,2
-2.93478174174609,7.67729159861121,7.17549800639972,2
5.29471877949388,4.57190987949595,1.7771194409579,2
-8.1200145832265,3.84155631985491,7.88591969758272,2
5.92364383777037,3.32955396991761,2.00410204473883,2
6.05875285201696,-0.933715087351316,1.44736524671316,2
-8.59482602746154,2.96664587782798,1.23778757406399,2
3.27479600998251,-4.25394570966917,2.19571617199108,2
6.35971819111449,0.86028961751649,6.33683488238603,2
4.79075043160861,-10.375510257322,6.19355252711102,2
-7.90974002827176,-6.27301609451729,7.11200861260295,2
-2.36111992060142,7.79837581472594,9.19770496431738,2
9.73931638618987,-6.92186012413615,5.43651468120515,2
3.10300558066419,-10.838977172109,9.46703981608152,2
4.85554194690247,-3.03279573751787,5.48736051423475,2
-0.445132054015165,7.89774965679092,3.20402896730229,2
12.3537333321898,3.51254153553208,6.35950262425467,2
-2.72799999668219,7.72593185719998,9.7878446849063,2
6.03201629317795,3.02499824881436,6.14263247465715,2
6.06294228392853,2.92849502290262,1.76991462474689,2
-8.24620340994522,-5.71053124661752,7.82982968725264,2
5.92323102296894,-1.30777675128537,7.6006452483125,2
3.83309617956664,6.21418079349646,0.974242694210261,2
-9.47433516513672,-1.231467830422,3.81013091187924,2
12.4284466414085,3.10950658330599,3.29559021163732,2
6.24928826924721,-0.193229538693348,9.01253704214469,2
5.845080225457,-1.49387975791157,4.01457474566996,2
-8.1066434643832,-5.95407599404032,3.67777268402278,2
-9.43737052934523,-0.126899798438432,2.64609663747251,2
-9.47696012932757,-1.07413668201816,2.14483128627762,2
-6.907807155176,-7.5816224575381,1.66200954234228,2
11.5705249304788,-3.97792042391919,1.95323551772162,2
10.8553916627708,-5.3622261100339,1.05414776597172,2
1.42715358360687,7.53273835552501,6.83335256529972,2
8.22471657910752,-8.41850076393153,5.74490146245807,2
-8.2222136903032,-5.75354262194521,5.37907495163381,2
5.34996520525325,4.4843371407398,6.6294644633308,2
6.14125419927267,2.65749780153724,0.640321581158787,2
-0.865577295040669,-10.8818268438857,5.76964205596596,2
2.97157374571858,-4.39671885434437,9.78865162702277,2
5.51432810015949,-2.13611076780479,3.7180416029878,2
7.97279281174602,-8.62023824851602,0.251812152564526,2
-7.81998590344991,-6.41003480902815,2.12289064424112,2
-4.84989255100213,-9.33113226675785,8.94394835922867,2
1.9606358510994,7.33529186901269,4.90606486331671,2
4.64918364554733,-3.25081606430941,5.35894331056625,2
-4.32250594811356,7.19651292936174,6.22605487005785,2
-7.93251031779295,-6.23746535537117,0.178779955022037,2
5.31372954470354,4.54210176458009,3.79767878446728,2
-0.898445623464144,-10.8761081749018,6.41142809065059,2
2.91724431435595,-4.4198445517925,5.09628411615267,2
-9.47233084575282,-1.30141413020831,0.866126352921128,2
-1.17562216620032,7.91460565294306,1.17515635443851,3
-8.79695016657835,-4.54493800258882,7.90213613538072,3
-9.31640973902478,0.738719442582217,1.5896248514764,3
-7.89935360447474,-6.28912362324765,2.04673837171867,3
-8.13745448458649,3.81316820876143,0.192698196042329,3
-5.60008381917994,-8.79756286656254,1.69129858957604,3
-7.22464972246992,5.05011375141001,2.03079150058329,3
-6.25614156028796,5.9896575596823,2.64894484076649,3
6.28382526710302,-9.71453547507124,4.98137957416475,3
5.82937342755669,-1.52926656454837,0.181337385438383,3
-7.85478918402362,-6.35748045718008,5.35402711015195,3
6.06304950634619,2.92815144657737,4.06749416841194,3
4.18499719341982,-10.5743971877324,8.55694205034524,3
5.64402042483523,-1.90671741531963,1.07965452363715,3
2.31209640571542,-4.6303417700018,5.17316828249022,3
-6.53411999373901,-7.97387162046422,6.3220682553947,3
-7.91766437541938,-6.26068127483336,0.330582191236317,3
10.0337276929523,-6.5591106011175,6.79611581610516,3
3.18053954134033,-4.30087176604007,9.82201400445774,3
4.4408737002389,-10.4949756127339,7.92716744588688,3
12.6048668063325,0.83309355062679,5.37054831627756,3
6.14903328593646,2.62798840278564,5.82813350716606,3
-3.39483375294564,7.54835089831266,6.70508332783356,3
4.74139187133582,5.31968607204987,1.04458349291235,3
-3.48896048217963,7.5183644834276,0.745812319219112,3
4.18612083055901,-3.66533838611215,6.00821217754856,3
5.38894054865596,4.42075591380993,9.3989026779309,3
9.36399499222142,-7.34534830775077,4.71016716910526,3
4.19215129675385,5.89800347780954,0.173486445564777,3
-9.35590485866755,-2.51087398976067,9.20050014741719,3
5.97208470012838,3.19912294787696,2.47614036779851,3
2.63391237088285,7.01682389767454,6.49690302321687,3
-9.04809996320973,-3.82958468536368,5.11441132286564,3
-8.92811909404636,2.1650298990224,1.5092169563286,3
6.36070995491821,0.926990316273329,5.56964964140207,3
6.3607799337863,0.934761143808446,7.35750001389533,3
-4.04092611546136,7.31687139774481,4.05514512676746,3
10.8325197092048,-5.4001196277475,5.00932383351028,3
9.66939971678376,-7.0038803036384,4.83663817867637,3
6.09187284066642,-0.828705052428705,7.0308189932257,3
12.2717560050151,3.88910798233725,6.37458442943171,3
9.54623201319125,-7.14479383119319,3.46336324932054,3
-0.902861433390152,7.91622273735875,4.93719063932076,3
7.03538260056113,-9.27866655621244,0.798885440453887,3
-9.08497976386074,-3.7070756724886,0.940704161766917,3
3.49313172400331,6.47758136741101,5.88474162621424,3
-6.95492428441703,-7.52910202282122,1.55014944029972,3
6.34634075151921,1.42068378514405,9.1469304333441,3
-9.3701277169671,0.42296325003955,3.3942224108614,3
6.33657185234355,0.432281700582642,8.97614658577368,3
-9.47663839661794,-0.883060075128645,7.89433652535081,3
1.26548668944849,7.58377806504371,6.3345611630939,3
-7.30272691932604,-7.11726184496844,9.52182349050418,3
4.96962138447995,-10.3094744587081,5.75996454339474,3
4.34384751791596,5.75090772912529,1.43817919539288,3
-9.45404994073987,-1.65874966973053,4.15040613850579,3
-1.4165135867669,7.90537827910059,1.49967915844172,3
-3.4433556528006,-10.0958217005827,9.18397833360359,3
5.85818345841587,-1.46387452446866,4.36830578604713,3
5.41395970389835,4.37911253910106,4.39102509059012,3
-9.01349260925799,-3.93956858462408,6.97902978165075,3
4.43853728155005,5.65452739387857,6.55505620408803,3
12.6033139781332,0.740084763909014,1.39771780697629,3
9.16629954326365,-7.55289552568584,9.71511556301266,3
-7.64337108895786,4.53796261894767,5.50016992492601,3
-9.28925601185402,-2.87975090691507,6.71368492767215,3
-4.97560298359936,6.86801620761848,4.73326548933983,3
3.63189512053297,6.37394177787972,6.5524643426761,3
-9.43773088295807,-1.861039379215,6.52645556721836,3
0.61791571823011,-11.0342276974874,8.51352270459756,3
-2.68654302336785,7.73500124483955,2.66147612826899,3
4.25308033310283,-3.61100664460137,1.90370906842873,3
11.4789420144926,-4.18197769630468,2.34522038372234,3
3.16457528026792,6.70349478265002,0.987688400782645,3
5.974554266967,3.19224442900354,8.6940579675138,3
8.690682860919,-8.0136985741747,0.420213514007628,3
5.22131572006705,-2.58047520084642,9.30161132011563,3
6.29291134184912,0.0632045566783553,1.0009519290179,3
6.06814161885297,2.91175883872295,9.62076915660873,3
6.25665623489652,-0.154137131267037,9.86085752490908,3
6.30704273668522,0.163943144403281,3.86659848270938,3
4.54695129552216,5.53953657141308,4.776136262808,3
6.04456397300424,-0.97676877855417,8.11136837117374,3
5.71659479794982,-1.7668789029022,8.52609889348969,3
-1.90320229655861,7.86440580060157,5.16645746771246,3
-6.16111877841254,-8.32710832728156,4.16343323420733,3
12.2110520791363,4.13786858387584,9.5109689142555,3
-0.227913403552071,-10.9724390400542,2.89683839539066,3
4.07754719808409,-3.74981807122782,6.2095902254805,3
5.82395962722894,-1.54132152280752,3.333052075468,3
12.4306448149642,3.09644612873847,5.95558938803151,3
6.17060178971878,-9.77382556734498,8.17144133383408,3
3.4659924147541,-4.15137643339367,7.5076596904546,3
0.604693744239995,7.75259337441295,6.2078187498264,3
1.44041842595104,-4.79257112046504,3.23663433548063,3
-6.59276129299326,-7.91501484760166,1.26933354418725,3
12.4071872918007,3.23179847272784,6.38106300961226,3
8.4438986344501,-8.23343080680322,6.53987632831559,3
-8.53110814267029,3.09854803504334,9.8859246331267,3
-2.18623474619234,7.82676311579316,4.94103526463732,3
5.6731750848886,3.90232533294711,1.56426969217137,3
1.82104624006832,-11.0099059614259,4.26844670902938,3
1.16051480819758,7.61481834099055,3.14601526362821,3
-4.70656274012271,-9.42220057074483,7.6154114678502,3
11.9010522768282,5.17206133086319,3.53695564437658,3
-8.78279400453234,-4.58056942979417,9.2773861484602,3
4.96612678931824,-2.90577978896721,9.06294748652726,3
-9.1452659949837,-3.49296277314905,7.7408257056959,3
3.99786533656204,-3.80908776051889,7.63461045688018,3
-8.55319329137147,-5.10980666582918,5.84078621119261,3
5.74882761595841,3.74386104878126,8.71893770061433,3
3.51371015970683,-10.7518544211159,9.4236822728999,3
-0.36064557589471,-10.9567369558979,9.9417084804736,3
-8.01677131097231,4.0049251186784,3.52481745183468,3
-0.188797987880767,-10.9767526558589,1.76719126058742,3
-8.96485480150778,2.0612802900926,8.64930849988014,3
-5.55386899928035,-8.83340392505693,1.14037335850298,3
0.169635821058488,7.83048426736583,6.10494090011343,3
5.35659675319319,-10.1547850587802,8.07215017266572,3
5.92202481110474,-1.31078832507561,0.445161440875381,3
-1.38554554354534,7.90697395904212,0.509897146839648,3
-4.23303646211134,7.23608802701731,3.68450508685783,3
0.244398272008563,-11.0150473401152,8.35346417268738,3
1.51904684312477,-11.0283278909088,8.4954140521586,3
6.25157090527428,-0.181265337518207,9.88406611373648,3
-6.10106513458501,6.115216519469,0.749449289869517,4
9.66140976438441,-7.01315825201598,4.8770138877444,4
4.16237571985073,-3.68419063849854,7.38454509759322,4
-1.16621160944497,7.91481775228701,0.832666733767837,4
6.35502183291113,0.712575836518465,9.09781396156177,4
-4.98481675746042,-9.24237740986391,9.35516653815284,4
12.2118231991201,4.1348384091129,2.66434787772596,4
0.308826585974652,-11.0192662640628,4.66818851884454,4
-9.3898214945792,-2.28233373640205,6.74686627229676,4
-4.72845450748322,-9.40850126581684,2.25216681603342,4
-4.83497591233021,6.94485318027684,6.42795369727537,4
-8.7190345670958,-4.73627969018285,8.62233101855963,4
1.94405835840068,7.34212439080687,8.76892128027976,4
0.122419114016862,7.83740702941372,5.93110983492807,4
-4.10055440336463,-9.77289136294475,9.07350066816434,4
5.3663114870203,-2.37167875966286,6.72851664945483,4
-4.17732741623556,7.26009860172475,4.32521759066731,4
-7.87258199398586,4.22073469315582,1.40315813012421,4
-6.15093982133848,-8.3362649390435,2.08086696919054,4
-5.65151765888543,6.4473715489227,6.51455673389137,4
1.33587502953542,7.56204203506336,8.10097724199295,4
-9.47659397304546,-1.10977942384757,2.08669133251533,4
1.86828189418298,-4.73295340494413,2.04641258809716,4
3.09955871295872,-10.8396407997766,8.80447484785691,4
12.5626263068658,-0.0459814001133095,7.12532555684447,4
-4.56312033528437,7.08375223588456,5.88127972790971,4
1.86617394434705,-4.73334067869783,6.661104534287,4
4.91869932031315,-2.9611911208796,7.13944270508364,4
3.4279497241394,-4.17259236038655,4.79829958174378,4
-8.50183078278795,-5.21764420324433,5.73334509739652,4
-7.40849133526728,4.83487591004825,9.27792801521719,4
2.0816857721682,-10.9873553557544,1.53195248683915,4
-0.743191844357989,7.91280493542957,3.31905569182709,4
-7.40566341874687,-6.98641599891709,3.22767374571413,4
6.06272537310203,-0.921463286066627,1.12035057274625,4
6.01264443179068,-1.06988303101932,9.17914272518829,4
-9.0287031058369,-3.89178527524107,9.08551942557096,4
12.5966773516194,1.48007303607368,1.0574100073427,4
12.3976283219924,3.28460597877337,5.75840336736292,4
-8.65095049086988,-4.89470096906998,5.08986426517367,4
-4.52965329899733,7.0999978402121,4.91265885299072,4
10.8201253967755,-5.42052366453098,6.95593300508335,4
-3.63198096478167,7.47040146339025,1.06036703102291,4
6.81040783267059,-9.41712291308708,0.771928369067609,4
12.605285358207,0.869289862024014,4.75335049210116,4
-9.40812525122301,-2.13995095423911,7.42003484163433,4
3.93055544265306,6.13248893799118,9.11251060897484,4
4.40012607355752,-10.5080679499428,8.42384938616306,4
5.41267725156407,-10.1309964371013,3.38210949441418,4
6.26972270620747,2.0669064904675,9.06980892876163,4
-4.5423119756262,-9.5226212765545,5.06550423335284,4
2.73732147871998,-4.49132026751166,3.77244991715997,4
4.56229273835504,-3.33595576692889,8.22322175139561,4
12.1332760623702,-2.40995837120947,9.74914813181385,4
-3.99289997060977,-9.82970392167647,4.72422901075333,4
12.5769923091921,1.85134557437557,2.18448763014749,4
4.80659325467072,5.24167443251107,9.78206193307415,4
12.4305362460188,3.09709313930349,0.775753783527762,4
4.9823501589036,-2.88648999677003,5.32407744321972,4
3.49835307090357,-10.7554013456787,3.16662294091657,4
4.77171434444775,-3.12418905083059,9.54516629688442,4
-6.69895466844508,-7.80595620390889,0.376175565179437,4
8.53228680213203,-8.15615484995813,0.346918883733451,4
3.38455388553165,6.55517433455875,9.03455038554966,4
2.24899541405152,7.20890503292662,2.41170017514378,4
11.97372670783,-2.92804034163655,2.00933060375974,4
6.17324409133409,-0.536430042749276,5.53619438316673,4
-5.32911384931613,-9.00190549542181,4.54066968290135,4
-9.4233065263694,0.0137709674657825,8.12931768829003,4
-9.24000487053758,1.10460729855193,9.84431744087487,4
12.1465017923608,-2.36304005183474,1.46232792409137,4
2.4987768866849,-4.57435797900749,5.58391731465235,4
-6.14450017582312,6.08064759607214,3.62779054092243,4
3.71039389652184,6.31298872594021,9.18657875619829,4
5.60718171001723,-1.97436627741937,3.54414580157027,4
-5.33742926183532,-8.99583862550954,0.92465411638841,4
6.19129365992702,2.45685936922417,4.5804468402639,4
-4.09073939563956,-9.77813696147779,7.72868952248245,4
-2.94605926967067,-10.3042160718915,8.19390315795317,4
-5.02373578357585,-9.21621674314833,7.85916376626119,4
-2.97845124649242,-10.2915349503437,2.74773879442364,4
12.5143465549426,-0.517497266521932,9.16438192594796,4
11.8866134786079,-3.18098502180083,9.73543465137482,4
8.42694378875678,-8.2480770955283,2.84073206130415,4
12.3254018280423,-1.64027382774916,9.08639685250819,4
-6.64273876876667,-7.86409249971492,6.1463395296596,4
2.58005763896142,7.0453860977462,7.65153630403802,4
5.96241245057624,3.22583925856915,7.96241952804849,4
11.9830067192971,4.9272765532034,5.52469494985417,4
2.53527792785178,-10.933334356417,3.188549450133,4
6.0543663695306,2.95576669506874,5.41693408740684,4
5.8006920619365,3.62871189837608,8.45967819681391,4
-7.30345981769958,-7.11634569569549,3.59177608741447,4
9.5625720328826,-7.12635544053981,3.55245429323986,4
11.1973675095675,-4.75421929912168,5.53830434568226,4
-3.31269432395539,7.5735054885112,4.40824510762468,4
5.63341150543142,-1.9264167812835,6.988985768985,4
6.3233342704431,1.68152263833184,5.91389628825709,4
-3.65982044908214,-9.99565250259435,5.08988327113912,4
-9.46500390717158,-0.512439693204488,1.66739281034097,4
2.34513787171941,7.16350595874104,0.37350594997406,4
-5.09122415463876,-9.1702470419887,0.440370368305594,4
-8.76937288396762,-4.61398291432986,2.88620906649157,4
5.79684665591896,3.63744958454432,0.231823329813778,4
-3.72300886659211,-9.96528792306567,0.568602266721427,4
2.36980628803568,-4.61386296403809,7.14921973878518,4
6.34667164274141,0.562006011678688,4.26504037110135,4
-9.46979839650735,-0.6179173207407,9.80025582481176,4
-8.83458650549163,-4.4481772394115,7.92969598202035,4
-9.27398732708388,0.950857929899156,1.66798386489972,4
-7.682006616311,4.4865203950824,6.55830900883302,4
11.4511865304974,-4.24190218099754,8.08701877249405,4
10.903390553494,-5.28166526112597,3.13994866795838,4
2.9469216163306,-4.40730225904532,3.70499412529171,4
7.10368981001607,-9.23521375932837,6.41690330812708,4
-7.48421036136745,-6.88351567173687,0.516334779094905,4
12.6058080524858,1.05263456738313,2.05996964359656,4
6.22995272179478,2.27981390454842,3.30751966219395,4
6.42823095178544,-9.63657134196445,9.60032508010045,4
-6.9981972818086,5.29703821446,1.88066004309803,4
-4.70237072320348,7.01416438163013,2.30169950518757,4
2.73339943919782,6.9625556125979,4.98941582627594,4
5.73682562068182,3.76971626446527,3.4529226901941,4
1.57485822238031,-4.77793109563958,2.01787243597209,4
11.8093873055938,-3.39142472272533,3.57557218289003,4
1.2397446045696,7.5915416998733,3.24593028984964,5
-7.92559327129214,-6.24829961862411,5.39719721069559,5
4.41435587371548,5.6794895231269,7.05312840407714,5
0.186768604730519,7.82789903508299,6.0538937151432,5
-9.03793811775015,1.8419636543096,8.38293659035116,5
3.98628888217209,-3.81751245452864,9.12228673463687,5
-8.93905634798419,2.13455300524378,1.92005204502493,5
-6.98220322100363,5.31377581637696,2.10780530003831,5
5.95059810371894,3.2580022750675,3.59103968366981,5
4.75051811502567,5.30890346435567,9.70038778614253,5
-6.16645855162375,-8.32229507557132,0.658337739296257,5
6.26649824682803,-0.0996164219780343,2.86310464842245,5
-4.64536994496418,-9.46009753531746,9.71735950792208,5
4.47718978329399,-3.41584729440769,8.27662688912824,5
2.44822804761797,-4.59028542891208,4.83421991113573,5
-6.02017244522633,-8.45175869342447,4.93303787894547,5
11.5245055948802,-4.08170979529668,0.879733674228191,5
-1.31411224682314,7.91019396699689,5.74212388135493,5
12.5662790681466,-0.00114973431353959,3.76478081103414,5
6.35298597333835,1.3079313728527,7.4721147492528,5
12.4145680458031,-1.18620771974039,1.23968608211726,5
-8.67606508881568,-4.83714529275252,7.16983101097867,5
-1.86002035776609,7.86925233008964,5.92764949426055,5
0.589893453725195,7.75566693020023,8.58085034880787,5
2.14323213767045,-10.9811283212419,1.40764340991154,5
12.6050970617254,1.1419364516729,6.0762453218922,5
4.29003519076139,-3.58026453756785,2.87867869250476,5
2.45415205753634,7.10998231747545,0.796321611851454,5
-2.76991837737814,7.71653070836125,7.02376091619954,5
4.51299096327899,5.5761103011527,8.5609330702573,5
6.03513490838969,-9.84267987559576,7.31835313839838,5
-1.52878474135589,-10.7460565217778,0.688147023320198,5
-3.8461449117625,7.39307162706678,9.15098108584061,5
-8.0027376452736,-6.12569763225053,1.6780839767307,5
1.37097388360232,7.55092404814141,4.77285620989278,5
-8.11696675121121,3.84649320572828,2.60623360751197,5
-5.43779054432411,-8.92161286059843,0.0272175227291882,5
-6.41786221514707,-8.08779474552791,1.1891847406514,5
3.00032959671648,6.8069178286698,9.81073721544817,5
-8.76491408235543,-4.62500613834422,9.52738762367517,5
11.999980354268,-2.84811067670173,6.98030745843425,5
6.08269638304931,2.8640576800932,5.72192238643765,5
-7.83839847913612,4.26995835402656,0.440785384271294,5
10.2644022369573,-6.25325787856392,5.22744175046682,5
-2.75532595401664,-10.376437527487,6.75832077860832,5
-9.34840091356622,0.558721418595651,0.584559845738113,5
4.20570776794859,5.88520749844803,9.19856640510261,5
-8.5705472257683,-5.07259882039717,1.10715854214504,5
5.48045082516522,-2.19228009986973,9.17532387422398,5
-9.30509828836114,0.797865843021093,9.5945605239831,5
-6.83995404686898,5.45881884511467,8.04241094971076,5
12.4895258687524,2.70915502907823,1.94587891921401,5
-9.29719306102799,-2.839784887726,9.56100242445245,5
-3.850125597493,7.39157083798776,2.13904721662402,5
-4.08248812269677,7.29987351648628,2.77478339383379,5
4.90768108947889,-2.97385963809486,7.20400352030993,5
-6.00319340505647,6.19145110406629,0.288798408582807,5
-6.7022941328581,-7.8024736199344,2.60941091692075,5
6.13696167474746,2.67354915792854,3.0245297937654,5
-0.569414757987767,-10.9286946588087,7.43197323521599,5
2.46264565080038,-4.58580117755337,6.25123027479276,5
-1.00566623651166,7.91671598503378,5.35617084940895,5
-1.105044273518,7.9159242919409,1.21626320295036,5
-5.80616473479896,6.33819903592152,0.74346648529172,5
4.5951233835881,-3.30422205807338,7.81439179787412,5
4.63317983374397,-3.26677802117587,1.78786017000675,5
6.81612927410461,-9.41368882200844,0.80721266567707,5
6.97346346194043,-9.31748072589491,9.39704766729847,5
-9.47616199101289,-1.14108090163393,9.77027779677883,5
10.8498582864885,-5.37142248804544,5.38290428230539,5
4.78442853950477,5.26845105864748,1.66287519270554,5
-9.35088434587743,0.543831199626939,4.87272586906329,5
1.52066762397335,-4.78428143710811,3.48301979480311,5
-7.98248203373843,-6.15827108409079,9.40687669208273,5
5.88450100766337,-1.40220794968815,9.29854497080669,5
4.62020718602977,5.45885066971456,9.75695123896003,5
-8.86937776943165,-4.35593460490627,1.33627503179014,5
3.67180303865377,-4.02933765075093,9.11420239135623,5
-4.95798417434488,6.87783417209466,7.24597461521626,5
-0.384124580229769,-10.9537877909158,6.48706113686785,5
5.93252321578198,-1.28441655133781,9.71805674023926,5
7.94378508484008,-8.64274525235773,7.90315901627764,5
1.6883793988606,-4.76265632248035,5.01265785424039,5
-3.52841771419391,7.50542280764495,8.17544617457315,5
2.39112976148559,-4.60758764950823,4.41077848197892,5
-5.62006743593578,6.46895079771284,2.26699594873935,5
-3.60732431792292,7.47887843551206,2.96939248219132,5
4.42847442306295,5.66494475403552,3.70762463891879,5
-9.39712994041366,0.23277231072255,4.06965129775926,5
6.29200188052413,1.92635299883778,4.07068606466055,5
12.4718043510852,2.83447199173561,1.0591181484051,5
-5.27941024441416,-9.03790756422188,0.973398832138628,5
5.87841967412185,-1.41662926440722,0.578120802529156,5
-4.90365604606075,6.9077615909498,2.72877037292346,5
1.18060094161769,-11.0391647811543,1.87515960773453,5
1.89470572760248,-11.0041586012191,0.673524423036724,5
8.27888460173475,-8.37361232281397,7.4457652354613,5
3.82826755379887,-3.92796062277256,8.91850804910064,5
-6.14012259246366,-8.34596896956275,6.8230482796207,5
5.71787181926961,-1.76433424721573,9.75153720239177,5
11.2893122818004,-4.57554491619819,6.43847205443308,5
-2.43494223591207,-10.4885317679325,5.40755682857707,5
0.223906187647956,-11.0136256498934,4.67775255441666,5
5.01363319168648,4.97770315661335,6.72319871839136,5
8.1147462508382,-8.50796663960335,3.86040145065635,5
-5.86979366943763,6.29176632689506,0.590737496968359,5
3.11027020550152,-4.33434389744421,7.69548883894458,5
11.4573937635065,-4.22857443899677,3.52866974426433,5
-6.33876455924648,-8.16327727491281,9.8990138550289,5
2.35994350804865,-4.61673138347867,7.21287349937484,5
12.5965820589242,1.48255480947698,1.28058176254854,5
-7.84519085839946,-6.37204590296048,8.13319663284346,5
-7.68254849081009,4.48579333067852,4.87607174320146,5
4.86512237889163,-3.02208980787693,4.35739676468074,5
11.2583640583732,-4.63650223362398,5.17252962570637,5
-8.4124029068353,-5.39784834142189,8.05028892122209,5
0.55915710303082,7.7619533958071,0.816185493022203,5
7.42576917500657,-9.02110053352794,1.76878424594179,5
4.02439281769031,-3.78960585030355,1.17900407174602,5
0.0291783066040418,7.85021054307285,3.36920567788184,5
1.43292503227433,7.53084277160124,4.92956535425037,5
-6.65974361696624,5.63321954060364,6.16874861996621,5
5.84188105849226,-1.50113790574316,7.4864190351218,5
5.49247661545512,4.2439097182571,3.9975157706067,5
3.35257620903459,6.5774614003478,2.45021196082234,5
6.28808688031206,1.95255529964125,4.41445428645238,6
-0.695165224190285,-10.909815803287,3.29807874746621,6
3.05640981550021,-4.35914215913057,9.8845501150936,6
7.4579242178694,-8.99886508928527,4.9684199388139,6
9.66164159031714,-7.0128893271425,2.08523633191362,6
-9.19163625154906,1.30471550832184,7.09628877229989,6
-0.260628530761477,-10.9687217218252,1.74347767606378,6
4.93112669199018,-2.94681084198882,2.36708708573133,6
-5.60267769722267,6.48079390519938,5.3103070310317,6
5.01824984088807,4.97151080749231,3.70134052820504,6
9.76332547610403,-6.89334469093053,3.40423406800255,6
-8.74173003652994,2.63953035137683,6.50003132410347,6
12.6045719214075,0.811796859672358,3.8691944279708,6
3.04964196149843,-10.8491261540409,1.49324093479663,6
-9.04627720346694,-3.83549241825013,3.7419995572418,6
3.25545885401185,6.6436173705029,7.50894457567483,6
-2.66032078512928,-10.4108695624696,9.52712338417768,6
6.12647047983253,-0.71121271083764,8.61059406539425,6
4.42044372198604,-3.46728957940826,8.269720277749,6
-2.99581010181772,7.66184426131065,7.5209497101605,6
9.09921689953823,-7.6210824638611,9.6017305715941,6
12.0812539021377,4.60991578166862,4.11518110195175,6
5.95237683581307,-1.23352200892944,5.60271378373727,6
-0.604135762244261,-10.9236319503023,3.80046619800851,6
-7.18160905317254,5.09852649810995,8.3615593565628,6
3.37477341787943,-4.20156891767727,4.97435457538813,6
2.2842605090989,7.19244649639982,8.46763167530298,6
1.44879060502541,-4.79176837125264,3.49932565586641,6
-7.33169170345805,-7.08088860631819,0.190706856083125,6
5.82884751937105,3.56369147009921,0.368234235793352,6
-2.21968647152682,-10.5575279074449,0.145982578396797,6
-4.89156649082844,-9.30403647208299,1.14116882439703,6
0.580911112370787,7.75751753987819,8.05566621478647,6
10.9095380664319,-5.27124368055245,6.08327271416783,6
-9.39629625640058,0.239095428860746,0.624230548273772,6
-2.6435127442859,-10.4168557158151,4.37229601899162,6
-3.97346818954593,-9.83979034113207,0.0500384136103094,6
12.5034291605175,-0.604719069151769,7.57178596919402,6
10.5836355172582,-5.79341734832533,9.08945532049984,6
12.5491256663448,2.19379350884428,5.13463466661051,6
-0.971137720359502,7.91669925873146,8.52332722162828,6
-5.37907986131408,6.62758150950477,3.21532162372023,6
-1.71339832961585,7.8839451031168,1.27641792874783,6
6.53559824651686,-9.5768683798181,8.74646867392585,6
12.5641414923534,2.0236066574216,0.935855731368065,6
1.4158699911553,-11.0327294166309,0.0806276826187968,6
-1.0704805738325,7.91634096072397,3.97101596230641,6
12.144909694085,4.38716653747027,2.70904404576868,6
11.8762056789474,-3.21005262802191,1.54696558369324,6
1.49837554774351,-11.0292868779344,2.72035395959392,6
1.57528051085377,7.48245809700552,8.58944710344076,6
6.34104518919494,0.485540000299366,5.053416993469,6
-6.10726251422088,6.11031217908451,0.471010755281895,6
3.94930471250876,-10.6417431574081,3.31144090276212,6
-1.91031919735386,7.8635843148853,5.39282415993512,6
6.34714588863193,0.569095599351188,1.96305433753878,6
12.5062852964171,-0.582375660203286,6.20576749322936,6
5.99569116827618,3.13237912162109,3.23278122348711,6
5.07808421597116,-2.76900077762524,1.3327224040404,6
2.01755232992394,-10.9934770774631,6.30294660571963,6
3.13963528712381,6.71959098737633,2.01931599061936,6
11.6157770485829,-3.87323607221954,4.35802186606452,6
6.04276998279246,2.99200966525707,8.34515922004357,6
-7.28808888076693,-7.13551458576739,5.42523716343567,6
4.99587015375575,-2.87028080834607,4.30581665132195,6
5.01285113392036,4.97875072567169,2.91566230589524,6
-2.23760442344408,-10.5519748250097,2.86070208763704,6
1.44138150193048,-4.79247951375061,7.53006531158462,6
1.95108103640691,-4.71700096389102,1.67548657394946,6
-9.25308752584855,1.04687161361928,0.765486028976738,6
3.98325749741925,-10.6323813329546,8.6609219852835,6
6.3183989816716,1.72553422542646,9.734501990024,6
1.85410774587851,-4.73553951565291,9.5780708012171,6
-6.70209254699477,5.59313565140086,3.57681226218119,6
0.0872863272383585,7.84236625492721,0.299846730194986,6
4.67821977908809,-10.4153223540758,1.58966173650697,6
0.63173315075298,7.74689994181587,0.882028311025351,6
0.121053197232011,-11.0059070660149,1.15042555611581,6
-2.31083439406787,-10.5289221134442,6.28495040349662,6
1.1056442303695,-11.040163329873,9.28440599469468,6
-8.83499653784658,2.4118446784968,3.95439701154828,6
3.23176078823302,-4.27566244408526,0.194931568112224,6
5.876864178273,3.44824621120669,8.00784305436537,6
-8.41102198964054,-5.4005606631087,8.42455529607832,6
5.03280078816694,-2.82537164232761,4.16998023167253,6
-0.479051960852074,-10.9413362462108,6.6296929703094,6
-8.29169847649898,3.55113802537562,9.26813596859574,6
-1.70493082497956,-10.7026550019634,1.8738389830105,6
-8.16784258946948,-5.8492235541301,8.38866030564532,6
-5.92574825456705,-8.53275273167091,7.8498455719091,6
5.35081551881442,4.48296630527298,9.3086964986287,6
10.8192811000089,-5.42191027631277,9.38445202074945,6
9.5205167811786,-7.17365616103507,1.85562847182155,6
6.8242295147987,-9.40881926735727,7.79530954547226,6
12.2650068653004,3.9178643522924,6.56533080385998,6
2.54344662877651,-4.55980251397903,1.16611331934109,6
6.36076145525425,0.932603370514661,4.83769183512777,6
-8.1854457632064,-5.81851353948757,6.92763938335702,6
6.29470774053796,1.90780237767157,3.04460437269881,6
4.00086515422442,6.07170582100861,4.57760342396796,6
4.67283356435558,5.39931500378783,5.4597525880672,6
12.1628053023431,4.32167118777376,4.37494819518179,6
-5.25193255699974,6.70664770257388,3.06766235269606,6
-0.547414603277378,-10.9318434717611,4.07891926821321,6
-4.34433672185536,7.18666519220953,2.6828498672694,6
-1.71540893791432,7.88376202022154,4.76380915846676,6
3.55230377278178,-4.10170985789913,1.92530753090978,6
-5.65720901622468,6.44344429867247,8.16279540071264,6
-8.20599304225962,-5.78234511227677,3.36885331897065,6
2.21332141769866,-4.65684952837385,5.95950934104621,6
-8.9256751388643,2.17179391559279,5.81856341799721,6
0.252678745088984,7.81758860226464,0.434910987969488,6
-9.4559195742367,-1.63147667510302,4.46703615831211,6
3.23545672592127,6.65696181633193,5.74283394962549,6
5.26576598888103,4.61667235777115,9.23438755329698,6
-8.83928974633993,2.40092537995848,8.2840283960104,6
3.50244599263869,6.47078438254555,7.36827075015754,6
-6.63851365214277,-7.86842501760098,9.9106378830038,6
1.12927912916569,7.62373995558416,3.95572518929839,6
2.20381769078229,7.22966518722222,7.95060014352202,6
1.47067875553745,7.51831661572995,9.81216206215322,6
5.79250211276914,-1.60999186628169,2.60311813792214,6
10.4025607181614,-6.05984129320277,6.26335089094937,6
3.51967947254008,-4.12073552347993,1.22200227808207,6
3.20068800730185,-4.29103759916278,4.29604248143733,6
-8.84931224383375,2.37527197444916,4.97744465246797,7
-1.94392718432585,-10.6387047275096,6.05711756739765,7
12.329738416827,-1.62009837010686,5.24059177609161,7
-1.29363928788357,-10.7991443726253,4.5286743552424,7
-1.37094669667564,-10.7822979152422,7.75145000312477,7
11.5614534629093,-3.99858742675719,0.655991449020803,7
6.09925173886509,2.80817658915712,9.93185403756797,7
-3.42624302414861,7.53848306138741,4.82801037374884,7
6.35883700489347,0.822192634053696,0.885256980545819,7
5.29820378073162,-2.47220604599941,8.83774975081906,7
-4.74226084590153,6.99363014018643,7.95659211697057,7
9.7917524638399,-6.85934647305507,5.2316323062405,7
4.82970327266179,-3.06139891166026,3.98452459601685,7
-3.26435311889098,7.58787168419498,5.90722493361682,7
11.804916640842,5.4403626051095,0.872062074486166,7
6.19247884024146,-0.4578561932703,0.78743105288595,7
0.514844424006131,7.77078796579414,9.34676491189748,7
-8.85869793105061,-4.38454957504048,4.56850349437445,7
7.39538413544468,-9.04196582801584,7.3946168157272,7
6.08350069184688,-0.855886380955066,9.6076502581127,7
-6.10262766385217,-8.3793934775111,4.05403962824494,7
12.0596194846808,-2.65925657960329,3.72047796379775,7
12.6002938201519,0.620068227245074,6.85006318148226,7
3.67890576350081,6.33764575769933,0.382436837535352,7
-0.111049892741418,7.86731233467828,1.16850249003619,7
9.54977976220387,-7.14079702415699,9.83170928433537,7
-4.98528861759768,-9.24206174980068,3.11817444628105,7
0.198276382480424,-11.0117932435544,0.158586725592613,7
-2.59460772340581,7.7543068075427,1.47382251219824,7
1.4787598558395,-4.78877630587489,9.4020416541025,7
-5.48762719571234,-8.8840559677917,5.30108264647424,7
-7.73771884647288,4.41094220728502,1.44399933284149,7
6.34433179152391,0.52864083911091,1.48921837564558,7
2.94627754957113,6.8396500094843,3.36557301692665,7
0.855054958582109,7.69597690333073,3.14448967110366,7
5.97717383418602,-1.16795122382142,3.58661526115611,7
-1.21665947242898,-10.8153330388018,7.4474042863585,7
3.85634187346152,-3.90894514174253,4.70983976032585,7
5.87907156211784,-1.41508841300424,1.36290606576949,7
4.88617217256896,-10.340705695076,0.527648800052702,7
5.40788565309079,-10.1330427489096,2.17010427266359,7
-0.313320032117214,7.88746388059474,1.03596800705418,7
-1.43239612191991,-10.7684840369247,0.9338208893314,7
12.5541370282763,-0.143318569941163,7.47089805547148,7
-7.30880514823184,-7.1096572671476,2.19208526890725,7
3.64403490698891,-4.04653634983345,9.99780784593895,7
3.91095150272804,-3.871213505671,2.90330806281418,7
5.82903668783851,-9.94317117132431,8.41614245902747,7
5.22392610568779,-2.57688493936192,9.24937156494707,7
-6.98993890995884,5.30569161382762,6.34953298838809,7
-1.97003794482912,7.85643755003065,3.42371951555833,7
-8.39630990488741,3.36098945192873,1.66900551179424,7
0.929922828276964,7.67732924845884,3.08431952027604,7
-6.48130051806916,-8.02607845496102,2.26988082984462,7
11.9452442731265,-3.01273404163555,3.93676543375477,7
5.82282729144365,-1.54383387458304,2.05374936107546,7
5.77250928608256,-1.65247237124149,7.5682190223597,7
1.20384842983349,7.60220286061802,8.22577963583171,7
5.72916764950714,-1.74169120175981,0.757218659855425,7
11.7278952689385,-3.60148743783355,6.97617917787284,7
-5.56700628033254,-8.82325790704148,4.9874958419241,7
4.28865780997637,-3.58142019021743,0.810721851885319,7
-4.14595585822739,7.27340844223748,3.02887930767611,7
4.90229713216099,-2.98002247617477,0.634754241909832,7
2.70739832123271,6.97692934299016,4.89442242542282,7
-1.33629469816024,7.90926285123607,8.47816979745403,7
-9.18594156839152,-3.3367675166737,0.762496353127062,7
-3.1629301605192,7.61696620585674,0.229295496828854,7
4.18612317331203,-10.5740621649518,8.9559019380249,7
5.2233316311177,-10.2099094025064,1.90984443994239,7
-7.107587742867,5.18012916913763,0.121689327061176,7
6.05036531335032,-0.959296472856111,5.66911926725879,7
12.4878525941784,2.72138247748511,5.92296248069033,7
8.14052085483842,-8.48719564071354,6.51944014476612,7
5.74643424245462,3.74903969500897,3.51643238216639,7
-7.8937027555905,-6.29785885677266,5.80730525311083,7
0.621498539421141,-11.0343500455448,3.66285402327776,7
0.59177824669429,7.7552771982072,5.69223073543981,7
6.2877438577176,1.95481687221572,5.31265303725377,7
4.20829505878908,-10.5674392621797,0.947322284337133,7
-8.3710722897288,-5.47815461165917,2.80614553019404,7
1.29103645418706,-11.036767484756,8.51507355226204,7
1.806037980633,-11.0110166213275,2.04153616679832,7
-8.04524583755227,-6.0564212786516,8.91717995051295,7
-2.12175962105979,-10.587273354898,7.34687743941322,7
3.40248870042926,-4.1865645997394,7.05015210201964,7
2.32841776430376,-10.9603068189579,9.62119569303468,7
12.5991740185034,1.40976959448865,6.5833428944461,7
-9.05936791551891,-3.79276566882373,0.0670930207706988,7
12.2128693668184,4.13072247459661,7.91674243984744,7
-9.43283674804526,-0.079151507823302,9.12140397587791,7
12.6050202950581,0.84535930054884,0.465322870295495,7
-7.59197289762986,-6.73775465201036,8.5724596795626,7
-9.2641673030913,-3.00070035220466,3.84467377327383,7
2.8216582949935,-10.8894834609641,0.593535494990647,7
11.2371996700884,-4.67770530864847,2.73788701044396,7
8.23781277807363,-8.40769824970266,8.82027421379462,7
-3.40901084953483,-10.1111755897488,1.81487481342629,7
10.8425063064643,-5.3836127857831,6.47924920544028,7
12.4935749119808,-0.679474765957238,9.64906382607296,7
12.5308529714373,2.37265622175591,4.5384308276698,7
6.36100188271996,0.993271561621484,8.54688786668703,7
12.0003726570028,-2.84690215919065,3.64419484511018,7
1.92550909854616,7.34971494810372,6.980979538057,7
-8.53617260601074,-5.14591435328156,3.78005387960002,7
1.64570720057669,-4.76871166952146,3.7481063650921,7
1.58054523444183,-4.77722944167667,9.05242492910475,7
12.5554184739987,2.12561328269507,5.02626217436045,7
-6.61604497469952,-7.89137916124188,5.17734677065164,7
-3.82128431888311,-9.9170327565737,8.61546537838876,7
5.33048548410538,-2.42512480832073,5.37798248464242,7
-6.48980327641454,-8.01772520735025,3.83404834894463,7
-0.698372320656714,-10.9093146723101,8.01183959236369,7
11.3097242222838,-4.53486896396042,9.49353700969368,7
11.0423542835346,-5.04003325988454,7.68305542413145,7
4.06098061349835,-3.76232723171773,9.48615395929664,7
-5.46961151843329,-8.89768673320408,0.82955367397517,7
-3.06046943359221,-10.2588787845021,9.80750306043774,7
0.131003121542967,-11.0066962743953,2.37895329482853,7
3.87170525574184,-10.6627134375127,5.46344559872523,7
-3.2448124080092,-10.1825816673739,1.41025692690164,7
-4.67371677908524,-9.44261443149807,7.87785857450217,7
5.95960555515258,3.23352678020715,8.4961757878773,7
-6.19983214604798,-8.29205868629682,2.87497735349461,7
-7.2344556400411,5.03898243981899,3.02363220602274,7
6.24675599648948,2.19454531270654,3.82123498944566,8
12.5667007369899,1.99168874360875,5.94170101219788,8
5.17961604574354,4.74557941999736,0.99372458877042,8
11.204854065162,-4.73993927201955,7.69993489840999,8
5.36398847714983,-10.1516697285638,5.31483621802181,8
12.5465942805535,2.22014351390367,5.67423964850605,8
6.01479527248626,-1.06376108295309,5.8878777991049,8
-4.86994835765459,-9.31812741426394,4.45469529135153,8
3.1019980391197,-10.8391712702935,2.04364199889824,8
4.51651654447874,-10.4702207671536,9.11709803156555,8
7.10377047679546,-9.23516204762671,3.63464030670002,8
7.88157884165513,-8.69052216612177,6.82928336551413,8
4.84006380553557,-10.357643862029,2.06949736224487,8
-1.5008086627521,-10.7526617668688,8.92168998951092,8
4.21610381147528,5.87534934624895,2.02022653305903,8
3.58061553242677,6.41284179476193,2.30663089314476,8
6.33020088045254,0.364334439512958,6.2623639870435,8
-9.14226661045173,-3.50407486785565,3.25150012504309,8
5.68535603470503,-10.0102497066228,0.18780779093504,8
-3.70581251588648,-9.97360247160448,0.47460607951507,8
-2.25775304035439,-10.5456894165193,8.595636037644,8
-5.608039153576,6.47714924605968,4.06967993127182,8
12.4438487740807,-1.01381598592432,1.64165694499388,8
6.0623900274884,2.9302636037526,0.492786823306233,8
-9.06038793558374,1.77064674432046,9.92869808571413,8
1.53039996196647,-11.0277847454834,9.9507211544551,8
-8.20232833547867,3.70543017546039,1.72175498912111,8
4.05406112490785,6.02464971030108,6.48061998886988,8
12.2088106666445,-2.13168103997778,0.220841066911817,8
6.28351311269587,0.00206189604155871,6.51283653452992,8
4.66362904023321,-3.23629701039634,9.82039138209075,8
-7.80642358859858,4.31536804195049,7.42811393225566,8
-8.97636769272594,2.02792512190888,8.15878366818652,8
12.541104387397,2.27541467052571,6.80822542868555,8
11.7637824349179,-3.51039004726196,5.41229128837585,8
-3.06344687854012,7.64413767035587,8.00739435944706,8
2.92851017263985,6.85027184366979,4.76662300992757,8
4.68308953717258,-3.21656809572321,9.92483000038192,8
12.5868146603168,0.303404675819248,4.47558267507702,8
1.59404478263784,-4.77553707912917,0.614191349595785,8
1.74984311258609,-4.75326863965127,1.63892815355211,8
5.22025409563972,4.68554750339351,7.66551819164306,8
3.58786544288021,-4.08061678642008,6.5871029952541,8
-8.14451202139672,-5.88954141109198,1.93765089381486,8
-3.87711307685572,-9.88905466373121,6.92283116979524,8
-7.60522268641084,4.58800163767205,8.04607728263363,8
9.23111838615843,-7.48594970389282,0.577231554780155,8
1.46507804514823,-11.0307503280409,5.24732421617955,8
6.33881653124182,0.458327440409692,7.86639087600634,8
8.1310352043902,-8.49485382009962,9.59028148790821,8
6.35856572106009,0.81211983261066,9.64507471537217,8
3.63205451031205,6.37381974869812,3.41361626051366,8
7.234529214858,-9.15009351323852,6.72900042496622,8
-2.01776624398302,-10.6177518345541,6.22169927926734,8
5.44141443271936,-2.25528208529636,0.0646762200631201,8
5.4095493102033,4.38650187917935,3.60933610703796,8
8.65714816048603,-8.04429327950161,6.30112157436088,8
6.34492703992234,0.536892339690998,0.152533596847206,8
4.35226719741389,-3.52724139022943,0.591571209952235,8
6.11801094040998,-0.74076143665257,0.94872301677242,8
1.96508953560909,-4.71415880787977,6.26669943565503,8
-8.70314361435051,-4.77394476247218,8.72568041551858,8
-8.65491232715782,-4.88568745608447,0.518716590013355,8
2.98678515942496,-10.8607379367855,3.16074277274311,8
10.5932621417374,-5.77881350532692,0.163900174666196,8
12.5937888712038,1.55037796430288,0.991730627138168,8
4.60630178053508,-3.29329769993595,5.92566637089476,8
-4.10546859062459,7.2903621783538,7.55164228612557,8
2.88848312184866,6.87395464278935,7.3871218576096,8
-9.26940018202892,-2.97610228931186,7.53423325251788,8
6.13276019983655,2.68910594147447,0.87390495929867,8
-9.41865174346843,-2.0493151984256,1.50402357103303,8
-9.00844818087539,-3.95523091172609,5.37352452520281,8
0.550319473598217,7.763736871608,4.54606282524765,8
-9.47329273306062,-1.27006987246217,4.80378943728283,8
12.4594906061525,-0.915136560995474,5.54303535493091,8
-4.77906681199772,-9.37654079311285,8.25518900062889,8
6.2990702377603,1.87707144176736,2.40357969189063,8
-8.93837870675161,-4.16410327733152,1.8174707563594,8
6.35511755726291,1.26211870180575,4.63139732833952,8
-4.03524086126694,7.3191761610312,7.85215314012021,8
3.63261534348524,6.37339031804015,1.28314426634461,8
-4.00028717776113,7.33323883666606,7.91970651596785,8
3.77838491793093,-3.9611190948611,0.57993283495307,8
-3.55821397801297,7.49550351264252,5.8008570340462,8
3.04318687715558,-4.36511775642658,0.975891747511923,8
-7.60429706833993,4.58920661974889,9.79161412920803,8
6.32064570944325,1.70583457870287,1.93467872682959,8
1.13727258838896,-11.039803987437,2.42501199012622,8
2.63367752591835,-4.52901223887022,7.75020479457453,8
2.30101144307405,-4.63342298999877,8.2114869193174,8
1.84141475985305,-11.0083659400744,0.00952331582084298,8
4.40319040522695,5.69093367020085,6.81552962167189,8
2.40683188516568,7.13348596941364,0.0277917692437768,8
10.6564442573107,-5.68179932622015,0.84281608927995,8
1.9611768232518,-10.9985492295108,6.45582308527082,8
-1.71820962110979,-10.6992556214624,5.96799881430343,8
-4.87343662044613,6.92418344925654,5.90517058735713,8
2.12783299342767,-4.67807937298533,7.88094777846709,8
-1.58617833817147,-10.7322594285787,7.46479122200981,8
1.97626146869706,-4.7118623604696,2.21097086323425,8
-8.7676427025366,2.57800824368414,6.23834185302258,8
-9.40914535240588,0.137628942133103,4.57214808324352,8
-9.16809915780984,-3.40659551336892,7.50030625844374,8
-2.78085311654154,7.71404009281949,2.75360209867358,8
12.402832124753,3.25601512352477,4.532390255481,8
-9.4332177220006,-1.90909967521566,5.41306416736916,8
3.7382080240616,6.2909744304629,5.8041444257833,8
-4.92654350361779,6.89521729628333,7.63469971949235,8
2.97252063724779,6.82383704400012,1.82725376449525,8
-9.17101047109956,1.38456807505867,6.82500560069457,8
-8.62663820956664,2.89867688319965,3.94011192256585,8
12.6042787276118,0.792815492632364,9.3752379878424,8
5.56155798050117,-2.05533225012955,4.15927132358775,8
12.0717892909894,4.64179133310985,8.52139808004722,8
5.47645551662866,-2.19881124717798,0.901512817945331,8
-9.27411978292246,0.950233411349418,4.20581912621856,8
-6.16840690429928,6.06142405347357,3.70135082630441,8
5.38080527116923,-10.1445593312478,8.4852535626851,8
6.32818273215328,0.344328321123073,3.26071766437963,8
-8.793958068051,-4.55250296108076,3.58122988371179,8
-9.37197206950943,0.410814411022278,7.7358678355813,8
6.3586658283489,0.815768097109041,5.87334201671183,8
5.68381288278122,-1.83117907771404,6.11920018913224,8
12.1354542072968,-2.40228001631515,6.90349420532584,8
-8.65770315770737,2.83084894119703,4.91023398004472,8
